image_name,conv1_ms,conv2_ms,conv3_ms,conv4_ms,relu_ms,pool_ms,fc_ms,total_conv_ms,total_infer_ms,energy_J,avg_power_W
image_038_label_9.bin,18.6066,113.039,0.529248,0.504104,1.22204,1.03695,4.74542,132.679,139.692,10.9393,73.3172
image_085_label_1.bin,12.1199,105.203,0.469465,2.36524,1.20916,0.969271,4.60709,120.158,126.95,10.3943,77.5777
image_095_label_1.bin,10.8105,96.5976,0.452523,0.487712,2.58194,0.950394,4.61953,108.348,116.508,10.5806,87.0006
image_045_label_9.bin,10.8991,93.1845,0.455346,0.435342,2.56023,0.916002,4.51625,104.974,112.975,11.1182,93.875
image_081_label_0.bin,10.8095,92.7534,0.45678,0.435594,2.91374,0.912039,4.51495,104.455,112.803,12.2582,103.586
image_069_label_4.bin,10.9659,92.181,0.455281,0.434404,3.26507,0.974619,4.52003,104.037,112.804,12.1797,102.672
image_004_label_3.bin,10.8441,92.5666,0.453372,0.433147,3.20882,0.923429,4.4994,104.297,112.936,12.1895,102.783
image_037_label_7.bin,10.8795,93.6481,0.453715,0.433164,2.21633,0.905149,4.51389,105.415,113.057,12.2328,102.854
image_075_label_7.bin,10.7561,93.0941,0.457948,0.431926,2.75551,0.913696,4.54539,104.74,112.962,12.2576,103.439
image_018_label_0.bin,10.8194,92.9248,0.456264,0.433241,2.95234,0.919216,4.54666,104.634,113.059,12.3065,103.865
image_089_label_5.bin,11.2394,91.9693,0.464223,0.436691,3.24635,0.927612,4.51589,104.11,112.821,12.1842,102.565
image_061_label_1.bin,10.7801,92.2895,0.470377,0.429942,3.34162,0.940591,4.50572,103.97,112.765,12.2239,102.719
image_092_label_3.bin,10.9769,94.2922,0.453718,0.43282,2.2651,0.908512,4.5149,106.156,113.851,12.2246,102.796
image_071_label_1.bin,10.8208,91.8992,0.461299,0.435389,3.58128,0.965874,4.51886,103.617,112.689,12.1908,103.014
image_017_label_9.bin,10.7575,92.3835,0.455265,0.434107,3.42823,0.928415,4.51451,104.03,112.908,12.2994,103.569
image_020_label_5.bin,10.7933,92.7748,0.45309,0.433723,2.96802,0.922221,4.64569,104.455,112.997,12.2097,102.808
image_099_label_5.bin,10.8314,95.2955,0.459457,0.436263,2.2005,0.927892,4.55159,107.023,114.726,12.1735,102.695
image_009_label_4.bin,10.7551,92.1529,0.456932,0.434281,3.86279,0.9534,4.55256,103.799,113.176,12.2416,103.014
image_043_label_6.bin,10.8436,93.8909,0.451166,0.431916,2.36838,0.915803,4.5521,105.617,113.461,12.2475,103.258
image_070_label_2.bin,10.8318,92.83,0.457664,0.433809,2.7864,0.919238,4.51601,104.553,112.782,12.3064,103.757
image_057_label_7.bin,10.8912,97.3983,0.453445,0.462638,2.43383,1.00704,5.06479,109.206,117.719,12.175,102.845
image_031_label_6.bin,11.0539,93.204,0.461876,0.440414,3.42577,0.951072,4.65951,105.16,114.22,12.2489,102.78
image_098_label_8.bin,10.8698,92.0061,2.13421,0.442155,2.30833,0.944153,4.51739,105.452,113.23,12.3794,102.909
image_016_label_4.bin,10.8447,92.4867,0.468527,0.438405,4.19401,0.978051,4.75908,104.238,114.177,12.3872,103.171
image_002_label_5.bin,10.9738,92.8526,0.464174,0.438234,4.03427,0.942024,4.56566,104.729,114.279,12.48,103.788
image_073_label_1.bin,10.8429,92.6014,0.462101,0.437661,4.09611,1.01433,4.6057,104.344,114.068,12.3435,102.748
image_080_label_3.bin,10.8736,93.4887,0.461323,0.434636,3.32362,0.940041,4.60479,105.258,114.134,12.3774,102.93
image_068_label_0.bin,10.9863,94.1145,0.493255,0.436966,2.94746,0.997298,4.87382,106.031,114.857,12.4033,102.989
image_036_label_4.bin,10.734,91.4284,0.459204,0.443246,4.03521,0.94063,4.51866,103.065,112.566,12.4338,103.533
image_094_label_5.bin,10.793,92.9982,0.459845,0.434388,3.78003,0.979975,4.51616,104.685,113.968,12.5304,104.276
image_090_label_4.bin,10.879,92.3015,0.457026,0.434551,4.01512,0.919465,4.51652,104.072,113.53,12.3584,102.898
image_050_label_5.bin,10.8321,93.6844,0.457012,0.433757,3.13992,0.921459,4.51753,105.407,113.993,12.3954,103.095
image_044_label_4.bin,10.9244,92.8863,0.449281,0.430767,3.74207,0.911218,4.50761,104.691,113.858,12.4286,103.231
image_013_label_0.bin,10.8976,92.6597,0.452591,0.432041,3.87355,0.907811,4.47723,104.442,113.706,12.4199,103.505
image_065_label_6.bin,11.0886,93.2166,0.460974,0.430622,3.26767,0.90961,4.47717,105.197,113.857,12.5177,104.13
image_007_label_1.bin,10.9312,93.6544,0.451422,0.431232,3.09885,0.899429,4.50397,105.468,113.977,12.3994,103.21
image_024_label_2.bin,10.8566,94.5168,0.457231,0.436241,2.29693,0.930387,4.52587,106.267,114.026,12.3936,103.14
image_049_label_2.bin,10.7462,91.9159,2.15011,0.437915,2.32969,0.922638,4.5142,105.25,113.023,12.4227,103.33
image_003_label_0.bin,10.8655,92.2772,0.454163,0.433607,4.17948,1.01224,4.51544,104.03,113.744,12.4127,103.469
image_041_label_9.bin,10.9731,92.2014,0.47698,0.43612,2.16137,2.81823,4.51449,104.088,113.588,12.475,103.791
image_091_label_1.bin,10.7622,91.8328,2.12358,0.436939,2.20212,0.923275,4.5495,105.155,112.837,12.4102,103.315
image_055_label_8.bin,10.9022,92.7602,0.452584,0.429799,3.79726,0.93563,4.50571,104.545,113.789,12.412,103.289
image_076_label_5.bin,10.9913,93.1871,0.457093,0.433622,3.4556,0.914213,4.51377,105.069,113.959,12.4611,103.381
image_033_label_7.bin,10.7437,92.6499,0.454248,0.433982,3.91903,0.916697,4.51376,104.282,113.637,12.41,103.499
image_001_label_7.bin,10.792,94.4123,0.451683,0.431,2.40615,0.961273,4.50624,106.087,113.967,12.51,103.997
image_032_label_3.bin,10.9382,92.9277,0.456458,0.434203,3.62375,0.920878,4.51445,104.756,113.822,12.4232,103.34
image_067_label_8.bin,10.8951,94.0397,0.457975,0.434519,2.47406,0.928279,4.51615,105.827,113.752,12.4062,103.364
image_026_label_5.bin,10.7614,91.9784,0.471634,0.435095,2.47503,2.59462,4.51451,103.647,113.237,12.4003,103.201
image_063_label_7.bin,10.7955,92.8066,0.480077,0.434964,2.37856,2.67344,4.51736,104.517,114.093,12.4541,103.7
image_011_label_0.bin,10.8803,93.2459,0.454282,0.475539,3.63366,0.932344,4.48382,105.056,114.112,12.5045,104.028
image_039_label_5.bin,10.8619,92.0217,1.83865,0.437421,2.22234,0.943526,4.50805,105.16,112.855,12.4243,103.391
image_005_label_1.bin,10.9326,93.0853,0.462808,0.435402,3.5438,0.916114,4.51479,104.916,113.897,12.3996,103.217
image_087_label_0.bin,10.7924,93.5774,0.485629,0.4313,3.18203,0.940261,4.52573,105.287,113.941,12.4399,103.194
image_074_label_2.bin,10.821,93.5605,0.455229,0.434811,3.01164,0.915295,4.54731,105.272,113.752,12.419,103.522
image_093_label_6.bin,10.8577,91.9892,0.475225,0.435966,2.31447,2.81898,4.51527,103.758,113.413,12.4858,103.928
image_047_label_1.bin,10.9249,93.2237,0.453248,0.431988,3.2489,0.921399,4.53461,105.034,113.745,12.3856,103.211
image_025_label_6.bin,10.9349,93.3962,0.460309,0.433914,3.23299,0.917213,4.51982,105.225,113.902,12.4427,103.168
image_053_label_0.bin,10.8124,94.0339,0.477461,0.457325,2.50516,0.943829,4.54548,105.781,113.782,12.3959,103.417
image_012_label_4.bin,10.9033,92.543,0.462277,0.43539,3.73168,0.940895,4.52019,104.344,113.543,12.3988,103.263
image_078_label_5.bin,10.8474,92.0915,1.97941,0.438531,2.3693,0.924184,4.51376,105.357,113.171,12.4934,103.841
image_084_label_0.bin,10.7093,91.6318,2.35847,0.436428,2.4192,0.919365,4.56186,105.136,113.059,12.3923,103.148
image_015_label_5.bin,11.3521,93.8898,0.460186,0.434163,2.31586,0.929324,4.51521,106.136,113.903,12.3946,103.099
image_060_label_0.bin,10.7961,92.7343,0.458397,0.436045,4.04687,0.923654,4.5161,104.425,113.933,12.4136,103.131
image_019_label_6.bin,10.8643,92.3186,0.454399,0.435589,4.14681,0.916114,4.51536,104.073,113.657,12.4103,103.546
image_035_label_2.bin,10.8079,93.301,0.462746,0.435311,3.46595,0.924825,4.51519,105.007,113.919,12.492,103.985
image_021_label_3.bin,10.9878,93.7907,0.454444,0.435041,2.64023,0.919176,4.51827,105.668,113.752,12.4116,103.302
image_058_label_2.bin,10.816,93.0397,0.458731,0.472559,3.79956,0.927512,4.555,104.787,114.076,12.4159,103.335
image_006_label_1.bin,10.7953,92.2328,0.461885,0.441298,2.24162,2.86584,4.51412,103.931,113.559,12.4339,103.422
image_056_label_6.bin,10.7985,93.1608,0.455764,0.431005,3.65291,0.918763,4.47868,104.846,113.902,12.445,103.563
image_096_label_7.bin,10.9092,94.4227,0.452288,0.431244,2.2546,0.937147,4.59068,106.215,114.019,12.525,104.196
image_042_label_0.bin,10.7171,92.566,0.460259,0.434672,3.93529,0.926859,4.51367,104.178,113.56,12.4173,103.385
image_046_label_1.bin,10.7509,93.0595,0.454163,0.435,3.68239,0.923336,4.54628,104.7,113.858,12.4373,103.457
image_052_label_0.bin,10.8688,92.3839,0.463353,0.435167,4.21923,0.926912,4.65501,104.151,113.959,12.4079,103.215
image_023_label_3.bin,10.91,92.3709,2.43422,0.437896,2.04954,0.916252,4.51385,106.153,113.639,12.4523,103.72
image_066_label_1.bin,10.8132,93.2508,0.461886,0.43175,3.48569,0.911804,4.57145,104.958,113.933,12.4955,103.966
image_010_label_0.bin,10.8866,93.7013,0.461628,0.434415,2.61667,0.943151,4.51416,105.484,113.564,12.358,103.035
image_072_label_7.bin,10.8196,91.7351,0.465823,0.436126,4.15348,0.911703,4.68073,103.457,113.209,12.3995,103.112
image_014_label_1.bin,10.8451,94.1012,0.460551,0.431847,2.58011,0.906141,4.53565,105.839,113.867,12.4146,103.203
image_027_label_5.bin,10.8414,92.588,0.462502,0.433996,3.95348,0.938203,4.51466,104.326,113.739,12.4312,103.599
image_028_label_2.bin,10.7623,93.345,0.457294,0.433856,3.6098,0.918402,4.5149,104.998,114.048,12.5054,104.02
image_051_label_4.bin,10.801,92.9882,0.453116,0.433887,3.55864,0.925853,4.5465,104.676,113.714,12.4047,103.353
image_097_label_5.bin,10.7868,92.2047,0.461761,0.433838,4.88599,0.936141,4.51502,103.887,114.231,12.4499,103.443
image_083_label_3.bin,10.8655,95.8573,0.526889,0.445021,2.38875,1.03699,5.1369,107.695,116.265,12.4444,103.494
image_088_label_2.bin,11.2761,94.5258,0.463135,0.439831,2.02582,0.935424,4.65996,106.705,114.334,12.4345,103.569
image_064_label_9.bin,10.7392,91.8606,0.464494,0.451499,2.54665,2.83419,4.52008,103.516,113.424,12.5036,103.951
image_048_label_3.bin,10.8934,93.2707,0.502752,0.434634,3.54453,0.937693,4.54178,105.102,114.134,12.4264,103.391
image_040_label_1.bin,10.8965,93.3095,0.459929,0.434318,3.65024,0.943042,4.51586,105.1,114.217,12.432,103.304
image_022_label_1.bin,10.9075,93.905,0.458103,0.435717,2.94559,0.953861,4.561,105.706,114.175,12.4544,103.553
image_054_label_9.bin,11.0942,92.7662,0.457749,0.434018,3.86722,0.946736,4.63044,104.752,114.204,12.4765,103.952
image_077_label_3.bin,11.069,95.8786,0.455616,0.435705,2.24042,0.928714,4.67967,107.839,115.695,12.5195,104.117
image_029_label_7.bin,10.7555,92.1392,1.94416,0.436863,2.41938,0.922301,4.57932,105.276,113.203,12.4583,103.582
image_062_label_1.bin,10.8028,92.5032,0.449517,0.432596,4.07772,0.910008,4.67761,104.188,113.86,12.4177,103.355
image_000_label_6.bin,10.9289,93.2268,0.458007,0.434877,3.34879,0.933761,4.5142,105.049,113.868,12.4665,103.546
image_079_label_7.bin,10.8014,92.203,0.460432,0.435531,4.28691,0.932306,4.51534,103.9,113.641,12.466,103.728
image_030_label_1.bin,10.8695,93.6971,0.447588,0.432258,2.06197,0.911694,4.63653,105.447,113.063,12.9131,104.057
image_082_label_9.bin,10.9318,92.8587,1.81532,0.436355,2.2258,0.9767,4.51529,106.042,113.767,12.4076,103.388
image_034_label_9.bin,10.7665,91.9596,0.461847,2.20379,2.46419,0.925591,4.51518,105.392,113.303,12.4584,103.499
image_059_label_0.bin,10.8293,92.9695,0.455876,0.457123,4.14075,0.928337,5.22984,104.712,115.017,12.4076,103.07
image_086_label_8.bin,10.8135,92.2304,0.456535,0.440368,3.91827,0.9344,4.51487,103.941,113.33,12.4654,104.132
image_008_label_4.bin,11.0986,95.3086,0.460405,0.435165,2.49222,1.05558,4.5185,107.303,115.377,12.4824,103.768
